t,phase_label,book_context,ticks_after_joyce_switch,output_token_count,n_raw_joyce_only,raw_joyce_only_tokens,n_auto,auto_tokens,n_reviewed,reviewed_tokens,tri_frac_in_corpus,best_all_jaccard,lcs_frac_say,text
5918,pre-Joyce,Germinal + War and Peace by Leo Tolstoy,-1699,40,1,ll,1,ll,0,,0.972972972972973,0.1666666666666666,0.1794871794871795,"In groups towards the pit, she went on between m. hennebeau banged the door. there was only repeating odd phrases which contained a little mole on her belly, and the eternal? let us attack them! iâ€™ll dwive them off.â€."
6011,pre-Joyce,Germinal + War and Peace by Leo Tolstoy,-1606,104,2,ll | shan,2,ll | shan,0,,0.99009900990099,0.1696428571428571,0.1359223300970873,"He tried to find either your baggage or anything else now, prince. and god only knows what! and they had warmed themselves. ã‰tienne went back there was something ã la louis xv in the center, and secondly, to withdraw the cavalry i should not get back iâ€™ll go to sleep. the gay and smartly marching men. in the passages. above the form of government; and i shanâ€™t forget you if you were not for an expensive luxury for the manoeuvring of the best workmen in the rear of his silent solitude, had now been decided to go at once the cry grew fainter:."
6713,pre-Joyce,Germinal + War and Peace by Leo Tolstoy,-904,114,1,ll,1,ll,0,,0.981981981981982,0.168,0.0176991150442477,"The suite and a thousand times during the last verse before the gates of the russian troops were already seen the servant who was closing the ventilation door with her habitual skill. the large fire. perhaps, all the pits and we will see that she was playing with the cart! iâ€™ll hack you with a quiet and motionless as though it was over, the recruit with whom he recognized the horse, flourishing its tail and extending its neck, galloped on to the old man. how can we, miserable sinners that we are merely lackeys who care nothing for me the news. how queer they spoke to the woman of your doings in paris!â€."
7850,Joyce-window,Finnegans Wake by James Joyce,233,1,1,dublin,1,dublin,0,,0.0,1.0,1.0,Dublin.
7941,Joyce-window,Finnegans Wake by James Joyce,324,190,2,goan | museyroom,2,goan | museyroom,2,goan | museyroom,0.9617486338797814,0.1443298969072164,0.0162162162162162,"And regular motion. but amid these cares her anxiety could only be one of the old one contented himself with sã³nya and dã³lokhov pressed rostã³vâ€™s hand and kiss me,â€ and he remarked with evident pleasure and disappoint many people, but if i give you some. not care, but it was an overturned idol, the table. the strike of the fields of wheat and beetroot, the carman's return. slowly he emerged from the table, a childâ€™s table, and stood listening to the first words of honor?... all nonsense! one might as well as the germans say. he pushed a little of the intrigue with a gentle slope; the rumbling of the government, came every autumn to give the mine engineers. madame hennebeau now appeared in the brightness these young ones who were rushing up to restrain a happy smile, and holding the bottle to the museyroom. mind your boots goan in! one would not like), but for a display of anger suddenly came on; and the axe ã‰tienne feared to look out. gradually the night the victoire? nobody heard. for a needle than for a rogue."
7962,Joyce-window,Finnegans Wake by James Joyce,345,133,1,ll,1,ll,0,,0.967741935483871,0.1623376623376623,0.0396825396825396,"And wish to see him. borã­s thanked him and count rostã³v, glancing angrily and stepped aside. denã­sov hid his eyes for someone. the soldiers, swinging their arms. ã‰tienne arrived in the hurricane of gestures and cries, carried away by his pistol, and then laughed. â€œi dreamed last night...â€â€”â€œyou were not at all behind that impassive face and the castanet player, in spite of his youthful egotism was so sweet to forget for a moment ã‰tienne stood up, and his son, ilyã¡? only fancy, i didnâ€™t recognize you!â€ he shouted, and seizing the staff officer on duty. iâ€™ll take another turn and move about and so they went away, only stopping before the fireplace, was rapidly and indistinctly. â€œyou thought!... rascals! blackguards!... iâ€™ll teach you to death.""."
8100,Joyce-window,Finnegans Wake by James Joyce,483,242,1,ll,1,ll,0,,0.9789915966386554,0.1422924901185771,0.0083333333333333,"Of whom has been laid to rust upon the miners. he was more amiable to the young man is so rich?â€ asked the prince. â€œbut tell me,â€ he thought. â€œgod could not even turned up, and that anatole meant to stay at home reading a book deserved, but it cheered them thus to look, without understanding. he had started began to cut the slices, took one and then beneath the great grey trunks. and in order to serve me? then iâ€™ll know who has been in other directions, thought only of whatever he was orderly to the settlement. neither the levaques nor the affectation of interest she had large lips of a badly painted portrait (evidently by the deacon, like your father is,â€ said the mother and the miners, when left alone, in a mysterious whisper, â€œhas compromised her completely, they say. no, no!â€ and besides it was also seated in the red fires of the long waist and hair plastered down like a log floating down the iniquitous monument of the impropriety of such a strong one, and something like regret? while he cut small pieces, and rostã³v, who was not afraid. as he was succumbing to irresistible, youthful, childish drowsiness. â€œbut what of me? leave me alone, will you! what have we already come to petersburg and despised moscow. the young prince. the members of the frightened faces of the world, mown down. one bullet and then blushing."
8120,Joyce-window,Finnegans Wake by James Joyce,503,280,3,brum | cumbrum | willingdone,3,brum | cumbrum | willingdone,3,brum | cumbrum | willingdone,0.9781818181818182,0.1658986175115207,0.0108303249097472,"The rest he could not understand how they made little noise in the open road, the hunger of six months, when the eyes of his task; it was the good places were taken; he had not understood a word of command had let his hair in a low voice: nine days gave money, never! not ten sous, of which the pale keenness of impression to everything that could not rise. rostã³v also tried to be abominable, and she knew that he could see the smoke! fine! grand! look at you, annetteâ€”how at your life, my life,â€ he thought, and with half-closed eyes gave him a bit.â€ but the author himself took the glass panel of the timbering. the company would put his eye fixed and serious expression. but the columns in a solemn sacrament, allow him to have a rest, but remembering something else also, something sombre and fierce, a gust of bad air. the coal dust; if not mastered it would conquer the world, he indicated a place to her short muslin frock, darted in and have mercy on us. and what was now studying darwin. he had at once as go down again on that subject, and can go and fight the man again had slammed the door. ""if she has been sent on a table. she took her in spite of themselves, an honor they did not, or did not effect so much. someday i will do so,â€ said she. of the band up. this is willingdone cry. brum! cumbrum! this is an impostor. officers are nothing compared to these gigantic men and provisions have not understood and cannot understand the present generation, observes."
8140,Joyce-window,Finnegans Wake by James Joyce,523,43,1,trippiery,1,trippiery,0,,0.902439024390244,0.2040816326530612,0.0232558139534883,"These fine people, stood by in a spoiled life. you have sent the ball. his eyes too seemed ashamed of you.â€ â€œit all depends on the arms to hold up the chosen garments; for her to you.â€ â€œit all comes from that trippiery."
8261,Joyce-window,Finnegans Wake by James Joyce,644,56,2,cocker | spaniels,2,cocker | spaniels,0,,0.9807692307692308,0.1692307692307692,0.0185185185185185,"With a radiantly confiding smile meant for us. the archduke ferdinand and here are two letters from count bezãºkhovâ€™s death reached us before your letter and my news as one has right on one's conscience? he desired to lose a moment, eat something, and try and create a new pack of cocker spaniels. for-."
8325,Joyce-window,Finnegans Wake by James Joyce,708,136,2,jimmy | o'goblin,2,jimmy | o'goblin,1,o'goblin,0.9609375,0.1739130434782608,0.023076923076923,"A tone of wearied assurance with which he had overtaken in poland, had grown pale. oh, you clever people,â€ said a few minutes after the review. it shone with flame, a charm rose from old habit, but as a youth of one-and-twenty, was asleep in her slippers and his hands for a russian musketeer who had come there straight home. but the guns would remain without support. prince bagratiã³n reined in his comrade's silence, again quoting napoleonâ€™s words. â€œâ€˜i opened my antechambers and they were all together; and what has been to see rostã³vâ€™s face in the way to the winds by that slight motion the army orders by heart and of life, but his tone showed how highly he thought for a jimmy o'goblin or for himself, obtain power.â€."
8370,Joyce-window,Finnegans Wake by James Joyce,753,108,3,allcasually | ansars | helpers,1,allcasually,2,allcasually | ansars,0.9603960396039604,0.1640625,0.0194174757281553,"Of the vicomteâ€™s story. prince vasã­liâ€™s face, serious for her to your room, think it over, and the others, in spite of the column commanders rode up smiling to the man. ""but there are traitors, we must tell you that i am dressed.â€ and she allcasually ansars helpers, the enemy could be felt, but the task was accomplished. another with uneasy face lighted up. all he said to the name of their feet, rushing untiringly after the battle of pultãºsk. in short, the fact that the strike at the cannon balls at the regimental commander clutched at his guide. anna mikhã¡ylovna sighed deeply."
8544,Joyce-window,Finnegans Wake by James Joyce,927,27,3,donnelly | kehoe | packenham's,2,donnelly | packenham's,1,packenham's,0.92,0.2647058823529412,0.2962962962962963,"The pavement, barring the shaft; and the physical suffering on the left leg of kehoe, donnelly and packenham's finnish pork butcher's, it seems he is only pre-."
8801,Joyce-window,Finnegans Wake by James Joyce,1184,122,7,belling | duodisimally | lipoleums | naym | plethora | profusive | toffeethief,6,belling | duodisimally | lipoleums | plethora | profusive | toffeethief,4,duodisimally | lipoleums | profusive | toffeethief,0.9663865546218487,0.1533333333333333,0.0165289256198347,"Of frederick the great red poppies. zacharie and ã‰tienne. one another for whom the newcomer was an old uniform. he made himself when going into battle, and then he saw uneasiness on the other, but the motionless earth and the trumpets of the sideboard, and the deep forest encircled with its green eyes and saw philomã©ne coming out one at the same corner of the strikers. zacharie occupied a fourth loud snore out of the sentinel was always awaiting news of her most intimate friend and had come to an old beggar's head. and their duodisimally profusive plethora of the lipoleums, toffeethief, that spy on the soft belling of the chest, and he explained its aim, the emancipation of the naym,."
8823,Joyce-window,Finnegans Wake by James Joyce,1206,123,3,lordmajor | toethpicks | zoans,2,lordmajor | toethpicks,2,lordmajor | toethpicks,0.95,0.1585365853658536,0.0245901639344262,"His pistol, and then laughed. â€œi dreamed last night...â€â€”â€œyou were not at all the drawers broken open, the journey, his reception, and especially in warm clothing, distributed during the winter of 1806, which nicholas rostã³v received a meagre share of happiness. at once. in his way; but all the toethpicks ever expected to hear left... left... left. others, one by one place like a lordmajor or a crowd, but very soon even under his thick, bushy eyebrows overhanging bright eyes of his guests. behind those thin leaves he felt a disagreeable tone to prince andrew shrugged his shoulders. a footman was helping him on the touchpans or taking charges from their zoans; hear the rubbish raining down. he smelt strongly of rum."
8907,Joyce-window,Finnegans Wake by James Joyce,1290,25,1,sisterin,1,sisterin,1,sisterin,1.0,0.1627906976744186,0.04,"The courage, but she suddenly paused, smiling at his dressing gown, in which mingled hot breaths burnt each other's arms, alzire with her sisterin shawl."
8928,Joyce-window,Finnegans Wake by James Joyce,1311,176,2,billowing | cranic,1,billowing,0,,0.9883040935672516,0.1627906976744186,0.0289017341040462,"The cranic head on his forehead. he went over his bald head, over which she spent there were only a reward for his face had been well considered by them. and among all the greater. rostã³v was very gentle and wary with them at last, a free hand; but he kept telling his orderly staff officer, extremely stout, with a special dispatch to brã¼nn. to be alleged that he was tickling her neck with his old schoolroom, and looking for the missing officer. â€œthey broke up into companies, which went to say that i forced my lodger to give me a bad use i made no comment. what should he be sent from petersburg the post of commander in chief, closely following the stretcher, agreed with a heart full despair he rode up to his stay, was billowing across the pavement. he sprang out before the heights visible above the bridge facing the enemy. again, as soon as you like,â€ said the colonel, he had great respect, he had to come for cã©cile.""."
8950,Joyce-window,Finnegans Wake by James Joyce,1333,109,3,ayle | dobbelin | olde,2,dobbelin | olde,1,dobbelin,0.941747572815534,0.1705426356589147,0.019047619047619,"The pieces fit to recognize royal concessions if no man had brought in a frank voice she added, lowering his voice; ""it isn't that big chaval now?"" said a man might not be a connection of prince vasã­liâ€™s character, but more so as not to interfere. he no longer inquisitive to see how olde dobbelin ayle. but, changing his careless attitude, pierre looked at the very moment she thought for a momentâ€), was listening with an effort, took rostã³v, who saw that the miners had been seen so, he could not go to war,â€ said nesvã­tski, turning away. with his slender fingers. his vague mystic's."
8994,Joyce-window,Finnegans Wake by James Joyce,1377,74,1,seenheard,1,seenheard,1,seenheard,0.9428571428571428,0.1839080459770115,0.0277777777777777,"The porch, and the murmur of kisses and it knows my every weakness. he said with her rosy and young. in face of the household was going to the company. i know the pieces fit to recognize him. but now all seenheard then forgotten.'^ can it be long? are things in it by shouting: â€œthe white one, the white road who knew how to behave with a soldierâ€™s highest reward,â€ said repnã­n."
9076,Joyce-window,Finnegans Wake by James Joyce,1459,244,2,havana | sorer,1,sorer,0,,0.9574468085106383,0.1470588235294117,0.0084388185654008,"With our friends, quit by dying of the pump outside, when he no longer having any clear perception of his heart. standing before her guests out. the intention of killing half hour in havana. sorer of the enemy, a little from the pit-eye, when pierron bowed very low, while levaque and his eyelids quivered in the baggage wagons, rode in the bed to say to them; they swarmed at every turn the count took the verses and music, and having got rid of them. in spite of you."" he led him to go and look out! the old fool,â€ he thought. â€œthe enemy of the axes, the deep strata beneath. haulage began again through the walls. then m. grã©goire was carried away by anger, she was soaked in cart grease between shirt and jacket. and they ought to. rostã³v followed them. in spite of repeated demands boots had not religion to console him, so she is going. dead of grief by now already gained a victory over buonaparte at eylau. in petersburg at anna pã¡vlovnaâ€™s reception anna mikhã¡ylovna made a present of it. this is an impostor. officers are nothing when they were taken from the cowhouse, looked out, and went up to the pierrons, they always had a stimulating effect on him; on the left flank under its cover, and retreat to the door, and now i need it!â€ said rostã³v, â€œmay i ask a favor?â€."
9098,Joyce-window,Finnegans Wake by James Joyce,1481,176,2,castaway | ere,2,castaway | ere,0,,0.9636363636363636,0.1515151515151515,0.0119760479041916,"And to develop these two years longer, to my income. my wife with his thumb smashed, while his father-in-law was absorbed in the company's railroad passed behind a paling opposite gãºryevâ€™s house... old gãºryev.... oh, but denã­sovâ€™s a fine fellow, a fine day's work! we shan't any more than a desire to steal onions from a shameful aspersion. â€œit is all very well that what he would stifle her grey eyes were crying out louder than anyone. he was looking about in the common or ere-in-garden castaway, in red dust; the walls spotted with bluish patches. he was forgetting his oath, she gave herself up, without a hitch, easily passing under the will? and if the wind of revolt which came the report that the latter received, the lamps. the young man pointed into the pocket of his grief. it was calm, your heart to go. the thought that we know him is hard,â€ the mason did not even see whose jaws she uttered a joyous exclamation,."
9121,Joyce-window,Finnegans Wake by James Joyce,1504,115,3,cursigan | jesuphine's | shimar,3,cursigan | jesuphine's | shimar,2,cursigan | jesuphine's,0.990909090909091,0.1655172413793103,0.0178571428571428,"And asylumsâ€”on all the shutters remained closed so as not to be made of it!â€ exclaimed natã¡sha, reading confirmation in anna pã¡vlovnaâ€™s easy chairs and with a sword, had rushed down to the lowest hierarchy in her reading and silently shrugged his shoulders and frowning brows stood a double ration of bread a day. he had to enter, ã‰tienne in a dense mass that once free from the french) advance if but for jesuphine's sake !) hands between the two battles in which he always was rather derogatory to his voice. catherine, in the middle of his duties, severe to cruel fate by a glance her superiority to the cursigan shimar shin."
9289,Joyce-window,Finnegans Wake by James Joyce,1672,288,2,hetty | jane's,1,jane's,0,,0.9708029197080292,0.156441717791411,0.0253623188405797,"The same thing: â€œit is such men as the sun sets on our schemes, saying to ã‰tienne, who had succeeded schmidt. in the feeling she excites in me. i am not bound to smash everything in the room, in which the russian black ones. the calã¨che galloped the suite by his baggage and transport, having to make it appear that everything dã³lokhov had said it, and despite his furious purple countenance distorted out of tãºshinâ€™s battery. i went down to the rearguard to kindle fires and a gambler too, i am not speaking of it in his every movement. each time he only met once before for a stone at a walk beneath the dazzling whiteness of her might be he did not, for pityâ€™s sake, leave this helpless little creature, but dared not admit the idea of a better man than you are without your boots!â€ (the staff officer on duty, a handsome, elegantly dressed in knee breeches, shoes, and lent him money. pierre recalled how hã©lã¨ne had smilingly expressed disapproval of dã³lokhovâ€™s shirt. hetty jane's a child of the bridge, nesvã­tski suddenly heard among the flowerpots on the other guests and saw that their fire gets into his mind an unsettled question he always tried to flee. all was forgotten. now, entering into the reception room, not counting dansaert. all brought back (there were semiliterate foremen among them) listened with a tender smile. â€œwell, you see, a place there almost dry. ""alzire, just sponge up a part of the drawing room door for him. at headquarters for negligence or inefficiency so staggered him that, forgetting the life i canâ€™t describe the feeling. i canâ€™t...â€."
9330,Joyce-window,Finnegans Wake by James Joyce,1713,20,1,curb,1,curb,0,,0.8888888888888888,0.1578947368421052,0.05,"And taking her. it made her sleep. maheude refused, but without the smallest effort, his ease contrasting with the curb."
9500,Joyce-window,Finnegans Wake by James Joyce,1883,157,1,treeblock,1,treeblock,1,treeblock,0.9666666666666668,0.1779141104294478,0.0131578947368421,"And shaking with paralysed legs, looked directly at prince vasã­liâ€™s, when he had to get away quickly to the left flank where their regiment was stationed, with his eyes gleamed feverishly and his big treeblock way up to the rhetor a man who paid regularly for many minutes. at last become anxious, did not turn away their men; bands of girls, corrupted at the head bowed on him with happiness. she has refused to listen, while waiting till the morning the grã©goires decided to go farther, she felt rested after their active service, were stationed near olmã¼tz and according to which he tied to one another with terrified faces, and denã­sov stayed on at once: â€œhave you any more than six miles, even if he could scarcely see her, drowned in night and smoke, a single man at each indication. ""i have it! there was deep silence. he held her by surprise.â€."
9590,Joyce-window,Finnegans Wake by James Joyce,1973,30,3,barry | coogan | lone,2,barry | lone,0,,0.9615384615384616,0.3142857142857143,0.2857142857142857,"Of prince vasã­liâ€™s house in the bottom of a beaten woman. when he saw turrets and a tawny tint in her eye, from lone coogan barry his arrow."
9610,Joyce-window,Finnegans Wake by James Joyce,1993,10,1,dissenting,1,dissenting,0,,0.875,0.2857142857142857,0.2,A still stronger flow of these fellows on the dissenting.
9687,Joyce-window,Finnegans Wake by James Joyce,2070,26,2,askt | fishup,1,askt,0,,0.8636363636363636,0.1707317073170731,0.0833333333333333,"As a fishup. askt to him. â€œtheyâ€™d kill you it would have woke late. recalling his fatherâ€™s room, that huge room in the cavalry...â€."
9916,Joyce-window,Finnegans Wake by James Joyce,2299,89,2,loudburst | poesy,1,loudburst,0,,0.8953488372093024,0.1818181818181818,0.0227272727272727,"Answered the artilleryman, wiping away the fragment, a lump of hairy and breaking into the project of marriage princess mary looked at her, after being in a loudburst of poesy, through his spectacles unable to check the machine was put on airs, while the young manâ€™s a real russian prince, had appeared. he would stifle her grey hair blinded that she no longer hesitated, but it was too too bad to be carried away by an efflorescence of demolishing the mine. he heard the piping of slender respirations,."
9940,Joyce-window,Finnegans Wake by James Joyce,2323,97,4,o't | onheard | rutterdamrotter | um,3,o't | rutterdamrotter | um,1,rutterdamrotter,0.967741935483871,0.1889763779527559,0.0210526315789473,"""you only have two hundred paces. suddenly, at a distance. catherine came with the devil does not produce the slightest breeze; and he himself was particularly discontented and out of inquisitiveness, or to me, then! come to-morrow to jean-bart, and you are not what to say, and, fixing his eyes only, but after some hesitation when deneulin showed himself full of admiration for the men themselves not knowing what to say. at first they did not say whence, in this cloth, kissing him with consideration, as fain o't as your rutterdamrotter. onheard of and um-."
9976,Joyce-window,Finnegans Wake by James Joyce,2359,59,5,bouckaleens | fion | roscan | seinn | tourlemonde,3,bouckaleens | seinn | tourlemonde,2,bouckaleens | tourlemonde,0.9464285714285714,0.1833333333333333,0.1379310344827586,"Them, becoming smooth as a crisis. ah! we are all beside themselves over it trained a gun was abandoned?â€ asked bagratiã³n, frowning, not so solid. then with a putter? woman was for him to walk in tourlemonde and she had helped to carry away. a pleasant smile berg related how the bouckaleens shout their roscan generally (seinn fion,."
10027,Joyce-window,Finnegans Wake by James Joyce,2410,365,2,bateau | namecousin,1,namecousin,1,namecousin,0.9774647887323944,0.1764705882352941,0.0364145658263305,"It won't be still,"" said his father, catherine, and jeanlin. as if nothing in return. you have a kind of mud and had come to the regiment in the silence lasted for about an hour earlier, and had kicked his legs about with their fists on their sides they hammered more loudly, with the eyes of the battle, and that he had very quickly perceived that he would fire, so as to all this has time to ask the princesses; and from everyone else in that case he felt, by an eye, ear, nose and violet cheeks. she was at the same bateau, so to be sent to new york in america, to fetch pierre, not knowing whether it is not here in a long, black serpent to a man of the forges was alight, and the commissioner found himself in the bone of his neighbor. as to go home again. never had she felt she quite knew what a beast i am!â€ muttered rostã³v, as he was, to a namecousin of the music he looked inquiringly at him as a precaution, in order to know this in so rapid that they had received. his old hands which held his hand to her thighs, with a fury of faces, obstinate and remained for hours at the seam. the family were about. he pushed away the footmen rushed about, chairs scraped, and in the countâ€™s reception room. it was necessary for a moment, rocked his shoulders; then, returning to the neighbouring tram, shone like a bundle, gazing at these jokes, turned on her. they began to look at him, â€œi have something to the rank of major, and rostã³v, who with disordered ranks were returning from the window on this day of dread was in the brilliantly lighted mirrors which repeated their reflections several times. now this head was again seized the standard flapping against its staff. berg and borã­s, escape from his usual cold and silent, she forgot to shut the door. tã­khon knew his masterâ€™s thoughts. he guessed that the french people themselves to tãºshin in all his beliefs as a chimney-piece, and ancient chasuble trimming."
10104,Joyce-window,Finnegans Wake by James Joyce,2487,85,1,grog,1,grog,0,,0.951219512195122,0.1711711711711711,0.0357142857142857,"Looking fixedly at her brother a small, newly constructed wattle shed was abandoned. when the father he had been defeated. a week later pierre gave her any pleasure. she went into the pit the distant landscape unrolled, the workers of the marriage, like a worthy dwelling place of god, without whose care not to lose nothing of all you know that what it was like the conversation, guided by anna mikhã¡ylovnaâ€™s hints at dinner. on that white hat! ^ relieved with stop his grog."
10118,Joyce-window,Finnegans Wake by James Joyce,2501,21,1,kneepants,1,kneepants,1,kneepants,0.9473684210526316,0.2272727272727272,0.0476190476190476,"On to their hostess. in the dawn of the doctor said that pierre who sat holding in their kneepants, sucking air-."
10285,Joyce-window,Finnegans Wake by James Joyce,2668,96,1,truetowife,1,truetowife,1,truetowife,0.9885057471264368,0.1827956989247312,0.1348314606741573,"As gaily as you have changed. oh, how that chord vibrated, and how truetowife of her, had heard the voices fell; nã©grel and cã©cile. since the terrible truth that she was already pale, but on the horizon. the strike had not yet met any womenâ€”countesses or cooksâ€”who were not for the manoeuvring of the earth, a man, arenâ€™t you? iâ€™m awfully glad youâ€™re my brother.â€ she touched with her head toward the other running to seek for more. and now as the sole cause of justice against the enemy?â€."
10523,Joyce-window,Finnegans Wake by James Joyce,2906,61,1,sustain,1,sustain,0,,0.9482758620689656,0.2068965517241379,0.1,"Thought, did not wish it. in the midst of wider beds. and the snorting bataille, jeanlin running behind the emperor. the ãpsheron regiment went forward uneasily over the sump, the net restraining him, garrotted by fear. all were silent. tãºshin appeared at his lathe and, as it should not reach to the front lines of his weight, capable of sustain-."
10567,Joyce-window,Finnegans Wake by James Joyce,2950,35,1,livers,1,livers,0,,1.0,0.15,0.064516129032258,"For the livers by the fire to schã¶n grabern. young rostã³vâ€™s ecstatic voice could be seen with the businesslike, preoccupied, yet meekly christian look which was to-day running such great risks."
10605,Joyce-window,Finnegans Wake by James Joyce,2988,65,6,aerials | coastal | homnibus | reconnoi | slaunga | vollayed,3,homnibus | reconnoi | vollayed,1,homnibus,0.9523809523809524,0.1578947368421052,0.0307692307692307,"Off trembling, agreed that if the workers of the princess joyfully. â€œthen you are such a look with a homnibus. aerials buzzed to coastal listeners of pratzen. but neither they nor a fragment of coal increased, and a capitulation, he detected a ruse and wrote enthusiastic letters to sign; he had noticed a curious spasm of timidity interrupted him. he had so slaunga vollayed, reconnoi-."
10640,Joyce-window,Finnegans Wake by James Joyce,3023,23,1,praties,1,praties,0,,0.8571428571428571,0.2424242424242424,0.217391304347826,"Tea and praties and go and do for you."" he led the french guns, the limbers to the mute sadness of things. underneath,."
10666,Joyce-window,Finnegans Wake by James Joyce,3049,8,1,aquaface,1,aquaface,1,aquaface,1.0,0.2222222222222222,0.25,Annoyed at the patches appearing on the aquaface.
10688,Joyce-window,Finnegans Wake by James Joyce,3071,91,5,coexes | nvc | o'c | stle | tr'c,3,o'c | stle | tr'c,0,,0.9529411764705882,0.2,0.1149425287356321,"The french had fallen back into the valley. he greeted the men received a double purse and, drawing its rings aside with his coexes he was planning some treachery. you've sold yourself, and in this growing ferocity, in this cold water. he tried to make the most heroic intelligence. for forty years ago within her, that it is for poor children. yes, yes! thatâ€™s right!â€ and his dejected mood amid people of montsou when a man of profound disgust. these singers gave all fours. o'c'stle, nvc*stle, tr'c'stle,."
10708,Joyce-window,Finnegans Wake by James Joyce,3091,162,2,askt | fishup,1,askt,0,,0.9748427672955976,0.1710526315789473,0.0372670807453416,"Was a steep incline which dominated the french were already advancing, were engaged in discussion with the smoking chocolate in their artistic luxuries which were especially directed against ã‰tienne, who was one of zola's most popular novels; it was a cannon ball, flying close to his adjutant, asked for bolkã³nski. prince andrew after giving his arm and almost extinct type, yet sees _germinal_ standing out as a fishup. askt to him. he blinked, went red, got up and patch, until they all interrupted her with a gloomy air as if lost in the family were about. he pushed a tram in a shrill tone joined in from the window, and as they were coming on this day of the mill wheel is as clear as rock water. at the incredible boldness and smartness of this comfort; and they want a great day for each other, rubbing one another's backs. then, raising his eyes. this was the state of french public opinion.â€."
10721,Joyce-window,Finnegans Wake by James Joyce,3104,28,1,pantalime,1,pantalime,0,,0.9230769230769232,0.3703703703703703,0.3571428571428571,"Looked at the bottom of this wonderful book, 'a great fresco,' as zola himself in the pantalime that two or three or four, crouching on their front pages:."
10785,Joyce-window,Finnegans Wake by James Joyce,3168,206,2,lordmajor | orangery,2,lordmajor | orangery,1,lordmajor,0.965174129353234,0.175,0.0098522167487684,"Of them by the commander in a moment,â€ came the company would have brought your army corps to pultãºsk, routed: here it is true. they tell me that you can still work?"" asked ã‰tienne again; ""do you bring her so far. behind her back. she could not do to rescue the poor man's kitchen. the piles of bricks made and lectures organized. these efforts to control it. we are childwen of the rich; the block by burying it like that. there might not know. then he can hardly believe that that idiot had eyes only for that good-for-nothing fellow of whom she had done of a universal exchange association abolishing money and work went on increasing; nearly five hundred rubles,â€ and taking him by the darkness, the man he was expressing its joy at the sound and then, had found him timid and reserved, so as to defend yourself,"" replied the prince, who, like a lordmajor or a threat. therefore a deep discontent was fomenting in the ballroom, crossing one leg slipped into the orangery when in the duel he did not know, but all the force of habit employed all the club porch. already the women thus took to twirling his snuffbox."
10795,Joyce-window,Finnegans Wake by James Joyce,3178,44,7,comeday | cuddled | finnagain | houseking's | mister | morm | ye,5,finnagain | houseking's | mister | morm | ye,3,finnagain | houseking's | morm,0.9767441860465116,0.1833333333333333,0.0444444444444444,"Tone of religious awe; it was all right. he grew embarrassed. pierre himself feared to look at her and cuddled. i differ with ye ! are you going to be mister finnagain! comeday morm and, having glanced through the houseking's keyhole to attract the multitude."
10813,Joyce-window,Finnegans Wake by James Joyce,3196,75,1,ark,1,ark,0,,0.971830985915493,0.1958762886597938,0.0273972602739726,"Was glad no one and covered it with a look at the avantage the strike to go there himself, prince bagratiã³n ordered two battalions of the cheeks, the same bonaparte is a great joke to do with her pale body, he suddenly came to believe such silly stories; but one scienceâ€”the science of the proposed treaty so unattainable that not only kill with pleasure but whom he intended to visit him!* for ark."
10864,Joyce-window,Finnegans Wake by James Joyce,3247,285,6,bouc | dungtarf | festives | highajinks | hopkins | speculative,5,dungtarf | festives | highajinks | hopkins | speculative,1,highajinks,0.9786476868327402,0.1643192488262911,0.03886925795053,"People, only the windâ€™s home. but the wicket with his report. twice he shrugged his shoulders with tranquil indifference. what should he go to bed. at least could be put down the long waist and hair plastered down like an old man made a patch of vegetable ground without raising her eyebrows. â€œtwo such charming children. and there were no longer shook the street from afar. he came level with the game. and, stroking his scanty gray hairs over his bald head, over which was being held by the wonderful classic beauty of the lodges over the other hand, pierre demanded that he had detached his block, and he pressed it against his shop, and came to nothing. public opinion, which had already long been waiting for.â€ and bursting into tears she hid her face was very red, and when he met m. hennebeau. ""i was expecting from the road, all had understood, and they longed to kiss the bouc. festives and highajinks and then again resuming his walk, muttering indistinct words, shrugging his shoulders and flourished his sword in my words, he is appointed... â€œwell and then?â€ asked the question and you dine at the noise of a cavalryman. prince andrew interrupted in a heap! and a loose woman's gait. he sulked without reason, as if to himself: â€œpierre is a capital joke,â€ said the latter. â€œwhy have you, who are within sight of him?â€ not one of his neighbor. as to tickle the speculative to all the inns of dungtarf where used to her neck, so that you will change it, wonâ€™t you?â€ said lise. and as thou but as hopkins and hopkins puts it, you were seen; you were impetuous...â€."
10883,Joyce-window,Finnegans Wake by James Joyce,3266,16,2,ascendant | syllables,2,ascendant | syllables,0,,0.9285714285714286,0.3333333333333333,0.5,Smiling face struck the guests. the report that our great ascendant was properly speaking three syllables.
10919,Joyce-window,Finnegans Wake by James Joyce,3302,18,3,cashdraper's | executive | stonybroke,3,cashdraper's | executive | stonybroke,2,cashdraper's | stonybroke,0.9375,0.2692307692307692,0.2777777777777778,"Beneath a dazzling sun in the middle class in the receiver's office a small and stonybroke cashdraper's executive,."
10978,Joyce-window,Finnegans Wake by James Joyce,3361,2,1,doornail,1,doornail,0,,0.0,0.2222222222222222,1.0,Me doornail?
11003,Joyce-window,Finnegans Wake by James Joyce,3386,7,5,olla | outbroke | podridd | pursuited | yellach,2,outbroke | pursuited,0,,0.8,0.2142857142857142,0.8571428571428571,Pursuited him olla podridd) outbroke much yellach-.
11025,Joyce-window,Finnegans Wake by James Joyce,3408,7,1,buckley,1,buckley,0,,0.6,0.238095238095238,0.7142857142857143,"Forward, struck buckley though nowadays as then-."
11052,Joyce-window,Finnegans Wake by James Joyce,3435,227,1,sustain,1,sustain,0,,0.9680365296803652,0.1583710407239819,0.0361990950226244,"In every new life, when they again began to say to them; they swarmed at every word he added: â€œmy sonâ€™s fate is in her drawing room with pomaded hair, perfumed, and in the folds. she had just frozen him. and he lowered his hands, he looked gloomily in rostã³vâ€™s face in the successes and grieving at the bottom of a kind of head, which was once face to face was pale. rostã³v ran toward him and only showing her heavy step, treading on her skirt, laughing to find his old age at his own sensations, stood still. â€œcommander of the stranger in a good story he put his name went round. he was suffering; while she was exposing in this warm nothingness, he returned again, called back the blinds, and stirred up the staircase. the well-known old door handle, which always accompanied any reference of hers had been standing and gave the only, and a convoy of croats. beside kutãºzov sat an austrian officer in a conquered even by that silence, he felt himself in the four simply looked at the chitterlings, eighteen for the good of persisting? this were happening at home and undertaking these new habits which had to say against it,"" replied levaque, with an army of eighty thousand men. pay us more and capable of sustain-."
11064,Joyce-window,Finnegans Wake by James Joyce,3447,5,1,gentlewomanly,1,gentlewomanly,0,,0.6666666666666666,0.1818181818181818,0.4,Take them with a gentlewomanly.
11106,Joyce-window,Finnegans Wake by James Joyce,3489,246,7,bulkis | courants | knew't | mildew | oggs | township's | ye,5,courants | knew't | mildew | township's | ye,0,,0.95,0.1479099678456591,0.0082644628099173,"Slightest noise, trying to take a township's courants want we knew't, that with one another. father bonnemort and mouque, were gravely shaking their heads. only jeanlin furiously. ""i gathered more first of one she had known as mildew lisa), who had fallen to the estaminet du progrã©s one only heard from his authority to engage the man; he emphasized by a new life. you have profited by bã©bert's credulity to you, to get her aim, in his dressing gown, he went up to captain timã³khin who was evidently distressed, and breathed painfully, but could not do so. having advanced six paces and strayed off the breeches and shirt with the gnawing in his firm, ringing, deliberate voice. â€œi never invited them. it was ã‰tienne, who had had his eyes vaguely saw again, in a serious frame of mind. at such moments one reviews the past week he would be here,â€ replied pierre, supposing that he should try to defend yourself,"" replied the young prince. the members of the forest, trampling through the crimean estate, in order to offer than himself and so deep. at jean-bart, catherine had been given to the honored guests sat, everyone seemed to be left a deep rasping; he spat in his face. with delicate irony he questioned prince andrew took out his pockets both the princessâ€™ hints and misses in prints. till ye finally caused him no bulkis. and let oggs be good if everything is possible.â€."
11117,Joyce-window,Finnegans Wake by James Joyce,3500,60,2,lease | ninenmeninetee,2,lease | ninenmeninetee,0,,0.9482758620689656,0.2150537634408602,0.0833333333333333,"And commutative justice that she was dancing with catherine, while he cut square pieces, stuck the point of his uniform, and going continually, bringing visitors to the visitor made a detour. tartaret, on the snow. not a complaint from alzire held her back. she could pass so near together that the englishman nodded, but gave him her lease of ninenmeninetee^."
11194,Joyce-window,Finnegans Wake by James Joyce,3577,111,1,triplepatlockt,1,triplepatlockt,0,,0.9541284403669724,0.1742424242424242,0.072072072072072,"Windows and doors, opened wide in the west^ by the fire was still furious against the limbs one by itself, some time jeanlin had gone down. but a stout major was pacing up and began dancing round the bank, hesitating to step out of the people, in fact, retained its faded old red patch nor the cables nor the men servantsâ€™ hall all sat waiting, silently and inquiringly at the gout, was triplepatlockt on him that he was thinking of it. prince andrewâ€ (he always spoke thus of his thin limbs. he kicked about, his apish face, pale and terrified, with the pleasure of deceiving me, if i have for sur-."
11275,Joyce-window,Finnegans Wake by James Joyce,3658,45,2,overborder | piped,2,overborder | piped,0,,0.9761904761904762,0.1967213114754098,0.0227272727272727,"Piped you overborder and there's estelle looking at him; she addressed her in spite of everything and though he saw which way the wind had dragged from his journey and seemed to him like she-wolves. they were all silent, seated themselves in the rear."
11290,Joyce-window,Finnegans Wake by James Joyce,3673,65,2,greataunt | sophy,2,greataunt | sophy,0,,0.967741935483871,0.1797752808988764,0.125,"And rounded backs, without replying and coughed angrily. the sound of water. only to be seen behind the pit-bank. he could not even their brothers in every commune the ground and stretched beside alzire, with open mouth. no sound in the avantage, at his ear to the nursery. suddenly he was put beside him to hold his hand from his greataunt sophy, turned to-."
11318,Joyce-window,Finnegans Wake by James Joyce,3701,14,1,agentlike,1,agentlike,1,agentlike,1.0,0.2307692307692307,0.4285714285714285,What then agentlike brought about that on receiving the news of a general roar.
11343,Joyce-window,Finnegans Wake by James Joyce,3726,6,1,merlinburrow,1,merlinburrow,1,merlinburrow,0.75,0.2727272727272727,0.1666666666666666,"Of defeat, and the merlinburrow bur-."
11754,post-Joyce,Introduction to Mathematical Philosophy by Bertrand Russell,4137,103,2,peri | potmother,2,peri | potmother,0,,0.9591836734693876,0.1651376146788991,0.03,"Of a client to tell them to be made. nor have i asked him for anything, except only for bourienneâ€”i shall have the same quick, repeated bows. as soon as the night before. this bit of her request and must not wish to die, that his real aim. rostã³v closed his eyes, moved to the written code, but under this unwritten law. he felt a joyful agitation at the vicomte whom he loved her passionately, at which he always kept with him as â€˜usurper and enemy of the receiving-hall, which at very first wind of a bird, a peri potmother,."
11778,post-Joyce,Introduction to Mathematical Philosophy by Bertrand Russell,4161,193,1,ll,1,ll,0,,0.9679144385026738,0.1871345029239766,0.0529100529100529,"The good of persisting? this were happening at home last, and, having stuck an amber mouthpiece far into his wifeâ€™s command had let her run heaved and shook as if not understanding, fixed his eyes on her face, and prince andrew, â€œis an emblem of something not cognizable by the directions and shouts of pillage in which she exhibited, on two chairs. if the bosses paid him for a moment, iâ€™ll get my letter?â€ he asked, ""isn't she up yet then?"" he asked, turning to the right. several thousand rubles. dã³lokhov was serving the milk. but it will force the company wanted? as if he wants to lower our net restraining him, garrotted by fear. all were soaked in coffee and a clatter and a loose woman's gait. he sulked without reason, as if it were a great secret. and itâ€™s not that, my dear, this dress does not care for the younger had already been to a train of tubs. there was a cannon ball killed someone behind him. at last they entered the drawing room the conversation in which i not stay here, come into an armchair."
11819,post-Joyce,Introduction to Mathematical Philosophy by Bertrand Russell,4202,11,2,baalastartey | pha,1,baalastartey,0,,0.8888888888888888,0.2121212121212121,0.4545454545454545,"A walk to baalastartey or they might convince him, first pha-."
11905,post-Joyce,Introduction to Mathematical Philosophy by Bertrand Russell,4288,26,2,crihies | hues,1,hues,0,,0.92,0.303030303030303,0.2962962962962963,"To the governor general of moscow. as a principle, ; we will say as little as he drew himself up to the years in hues and crihies."
11930,post-Joyce,Introduction to Mathematical Philosophy by Bertrand Russell,4313,11,2,copri | tropic,1,tropic,0,,0.8888888888888888,0.2857142857142857,0.1818181818181818,"A bottle!â€ shouted the princess, and in the tropic of copri-."
11955,post-Joyce,Introduction to Mathematical Philosophy by Bertrand Russell,4338,133,4,alys | sus | tighteousness | victorienne,4,alys | sus | tighteousness | victorienne,0,,0.984126984126984,0.1690140845070422,0.015625,"In case the dragoons had already received from pierreâ€™s peasants, which the total number of a tiny victorienne, alys, pressed by his age and by a leap, hung on to her companion, mademoiselle bourienne. princess mary felt herself surrounded on all those collections that are not what to say. itâ€™s all nonsense!â€ she said, without noticing that bolkã³nski still delayed, he added: â€œmy sonâ€™s fate is at home, and that he was speaking, the curtain of smoke on the skyline, which they shan't have,"" m. grã©goire thoughtfully contemplated this woman who had had a lover when the old prince. â€œvery, very glad indeed, that my blood stands still. no, no, i would willingly tolerate if it amuses you; it has been a mad search for tighteousness, o sus-."
11999,post-Joyce,Introduction to Mathematical Philosophy by Bertrand Russell,4382,203,7,badfather | boore | burgess | christy | jinnies | scattery | singabob,6,badfather | burgess | christy | jinnies | scattery | singabob,0,,0.9543147208121828,0.1413043478260869,0.0201005025125628,"Of chimneys, planted obliquely, made a sign of strength. he raised his head. then, when the montsou retail trade. he placed his feet slid on the contrary, the strike he felt that something dreadful had happened to look at it, and as soon as the horse guards, a huge hollow, crimson float on the vienna-znaim road. bagratiã³n was embarrassed, not wishing to cringe to anybody and not to have done better to force the company commander. thanks to the war,â€ the count considered. the beginnings of mathematical induction is a "" set."" other words used in logic. these three years ago, you remember, singabob, the badfather, the feathers. at the other hand and shavings scattered aroundâ€”all indicated continuous, varied, and orderly activity. the motion of a scattery kind when the study the old man, ""monsieur hennebeau is only just returned from her with perfect sincerity, and with his chaffing indifference for the jinnies. drink a whole detachment of french words but could not even been able to find sã³nya. and sã³nya, though she felt rested after their journey. she answered positively, glancing at those in the vague whiteness of the air of one of the boore and burgess christy."
12045,post-Joyce,Introduction to Mathematical Philosophy by Bertrand Russell,4428,202,3,chriesty | ildiot | thankyou,2,chriesty | thankyou,0,,0.97,0.1388888888888889,0.0099009900990099,"The movement of released cattle, carried away with his feet off the drunkenness of the natural numbers, and that she will be my daughtersâ€™ first confidante, and that there was not liked; rostã³v especially detested him and bring forward many reasons of this plan lay the gist of the stars ! for dear thankyou chriesty and with tag for ildiot repeated demands boots had not ridden many hundred yards across the fields of wheat and beetroot, the carman's return. slowly he emerged from the masses around them, the hard earth, the thinness and hardness of the middle of the air. it was vain to find a dressing station or a slut snoring with a contemptuous smile, waiting for the valet to go. the thought that when people had carried the whole crowd had to be cause! how, after the battle had begun! prince andrew remembered the minister of war or of the whole company had resolved to die for one good thing to be disposed of. ã‰tienne at first sounded on the corner of the avantage, awaiting the guest of honor and her son, asking him his tea, handkerchief, and pipe. the latter, with their last blow to stop, he replied furiously:."
12092,post-Joyce,Introduction to Mathematical Philosophy by Bertrand Russell,4475,30,2,incompatibly | indictment,2,incompatibly | indictment,0,,0.9285714285714286,0.2058823529411764,0.0666666666666666,"A man did not succeed in putting his question to a table near the bridge is falling down falling down with hammers, even now occupying, under an incompatibly framed indictment."
12114,post-Joyce,Introduction to Mathematical Philosophy by Bertrand Russell,4497,60,1,flirting,1,flirting,0,,0.9824561403508772,0.1777777777777777,0.0338983050847457,"A feeble voice of the accident, maintaining his savage silence; he did not wish to destroy the pits would protect the battery nor backward with torn shoulders and raised tail, she took off her thick cloth mantle, he said, ""i've had a pitiful, weary, and distracted air, though at the head, or elbow, or knee. canâ€™t i go flirting.'^."
12158,post-Joyce,Introduction to Mathematical Philosophy by Bertrand Russell,4541,25,1,poultriest,1,poultriest,0,,0.9565217391304348,0.1935483870967742,0.08,To move. he remained there for a moment on a few minutes later princess mary sighed and said: â€œthen i will have the poultriest no-.
12201,post-Joyce,Introduction to Mathematical Philosophy by Bertrand Russell,4584,128,5,bitty | busses | habben | ombre | upseek,1,busses,0,,0.975206611570248,0.1521739130434782,0.08130081300813,"The ombre players, to rake your gravel and bringing busses to his valet: â€œcome here, take these away. put this beastliness into his friendâ€™s eyes, evidently trying in vain for her to come in among the russian black ones. the calã¨che galloped the suite by his new duties. dã³lokhov recovered, and rostã³v on the nose, and tears of joy and triumph. already he had been killed, he did not expect this of you,â€ he said to the capitals, he still lived the old brick house stood cold and dark. the troops were ill-clad, exhausted, and so on, all describe some person by means of relations of the winding machine, the square root ginger though it may be, we habben to upseek a bitty."
12269,post-Joyce,Introduction to Mathematical Philosophy by Bertrand Russell,4652,170,2,pedigree | unlicensed,2,pedigree | unlicensed,0,,0.9570552147239264,0.1842105263157894,0.0121212121212121,"Of debt and she entered. â€œi know people who've said that we can know is that woman with a pedigree pig (unlicensed) and a loud voice. and there was only able to restrain him. she was exposing in this deep winter. only mouquette hastened, and went out. pierre stood with the same thing in lifeâ€”to say an unpleasant expression which distinguished him from that distorted mouth issued an indistinct, hoarse sound. anna mikhã¡ylovna drubetskã¡ya, who as a stage on his left and shove the purse undah the pillow,â€ he said, â€œyou have not yet been taken prisoner by our dragoons. our officers were flocking in to summon dolgorãºkov to the door, which pierre was one o'clock, but only to send the letters to sign; he had had in the service was not at all as it was, too, becoming very red, and when one has only told me himself that there are always disturbing him,â€ answered pierre, trying to find herself so on cã©cile's neck.""."
12390,post-Joyce,Introduction to Mathematical Philosophy by Bertrand Russell,4773,265,6,couines | forthright | heegills | offsprout | proclaim | sware,5,forthright | heegills | offsprout | proclaim | sware,0,,0.95703125,0.1538461538461538,0.0077519379844961,"Of manhood or proclaim him offsprout of the numbers appropriate to classes. these include one-one), since each number to its ancestral relation was always there in front of this set of terms ; it does not suit me!â€ his heart aching with an abstracted gaze, as if lost in night. at every halting place. the cages were flying up, and the countess at the same person ; but that now, as a soldier. the rain which fell from her, repeating in a particularly calm and forthright sware by all accounts is a many-one relation, the field at olmã¼tz and according to the window. he wanted to find, and still green little urchin of nine months, dã©sirã©e, philomã©ne's youngest; philomã©ne, hustled ã‰tienne as he spoke those words he had not been so radiantly happy all that the visitors and that there was a grand farewell dinner, as he appeared in black darkness, only a year he had to stir it in proper motion, so anna pã¡vlovna received pierre with the parts of mathematics is concerned with it to his wife. she is very likely i may not be brother and ran into the region grew pale, and lowered his hands, he cried, in his brain in real and terrible menace. they talked, while the breath of it opens the way in which rostã³v did not find bald hills presented itself to him. she would strangle catherine if she saw me here with the directors, then i will show you what i think. austria has so many heegills and couines,."
12462,post-Joyce,Introduction to Mathematical Philosophy by Bertrand Russell,4845,72,4,blotto | divers | racenight | tots,3,divers | racenight | tots,0,,0.9402985074626866,0.1720430107526881,0.0144927536231884,"And philomã©ne stupefied at first. only one term of the sick man with the emperorâ€™s headquarters. but on racenight, blotto after divers tots of hell fire, red light, disturbed him, and that the captain softly. the little soldier had spoken. who were blocking his way to the driver. â€œdo wake up, vã¡ska!â€ he went out. â€œcousinageâ€”dangereux voisinage,â€ * she used to blows; she said, pointing to the french army!â€."
12562,post-Joyce,Introduction to Mathematical Philosophy by Bertrand Russell,4945,87,1,tris,1,tris,0,,1.0,0.1417322834645669,0.0909090909090909,"A straight line. 1 taking any decision, pursued by the company, jerked his elbows, facing her at ease. ah! those were fine days. the antagonists stood forty paces apart to mark the tris, why do you want?"" he asked if anything more till the prince disdainfully. â€œwhy his son is nicholas. i never thought of winning them over, he was going to the bone. religious exaltation raised them from other relations possessing only some of zola's most popular novels; it was expected that on receiving it, he wouldn't."
12630,post-Joyce,Introduction to Mathematical Philosophy by Bertrand Russell,5013,158,5,isle's | niver | thon's | tis | toom,4,isle's | niver | thon's | tis,0,,0.967741935483871,0.1617647058823529,0.0700636942675159,"To the cot with noiseless steps, lifted the curtain, and dropped on to their sides, their buttocks on their side, made a vague rumour of the association who was nearly forgetting,â€ he added. â€œi heard, your honor, stained it,â€ answered bilã­bin. â€œlisten! the french had not yet believe that the rush of water, he attacked the company. she uttered his pet theory. both were silent. there were many curious onlookers who, jesting and laughing, stared at prince andrew, trying to stimulate his emotions he looked round and shouted, â€œhurrah!â€ so deafeningly, continuously, and joyfully welcomed the rich ones in their ball dresses with diamonds and pearls on their sides they hammered more loudly, with the neighbourhood of a dead russian grenadier, who, with a heavier and slower respiration, troubled by its pressure on the waves washed to our isle's cork float. sure, 'tis well! she niver comes out when thon's on shower or when thon's blowing toom-."
12652,post-Joyce,Introduction to Mathematical Philosophy by Bertrand Russell,5035,314,1,ll,1,ll,0,,0.9673202614379084,0.1511936339522546,0.0162337662337662,"The afternoon he hid himself in the village the vehicles were going to get back iâ€™ll go to the earth-cutting. there was another matter and quite tired out. he was himself always occupied: writing his memoirs, solving problems in higher mathematics, depends on it.â€ and with so much as a barn for hay. the door, had stopped pierronne, who was evidently wiser than his own tastes, and the young girl looked at the rum and eat two biscuits, or i shall speak later. when we sleep. drops. but wait until our sleeping. on monday, when she answered positively, glancing at her seriously. oh, how you look at the same way. once or twice he had to feel a sense of those who devised it,â€ said rostã³v, throwing the red-hot coke on to the house, anxious as to how to hide the terrible truth that she could run. she went on. ""they can but the discontent increased; chaval and catherine walked on in front, far off on the subject of the monument of the number 3, and the friendly attempts to win them what he was in a mass of logs formed public opinion; it would be afraid of shooting himself with it. his left arm felt as in this act to the nursery, but sã³nya was sitting silently beside him, by the sound and then, smiling at his foreman, driven from lille, driven from everywhere. on feast-days, now exhibited its wide street rode the hussar at that moment pierre felt himself enveloped in those days the whole burden on his own surname (yes, yes, less!), that the russian army, and besides it was still a life i canâ€™t decide or think of the cuttings, perhaps. no, it was that in this case, we may also expect that damned dansaert, if he would have knocked him over the counters."
12672,post-Joyce,Introduction to Mathematical Philosophy by Bertrand Russell,5055,360,1,ll,1,ll,0,,0.9769452449567724,0.1432835820895522,0.0057306590257879,"And spiteful, conquered by the austrian generals. shinshã­n, standing close by, tried to find the answer was: â€œyouâ€™ll die and know that what he was in a "" point "" is one which the rest i only forgot,â€ said he. â€œwhat does that prove?â€ he was advised not to change his former affected languor and indolence. he now approached the princess. he seemed imbecile; unless it is not the same!â€ pierre often indulged in reflections of this unknown man, especially levaque, zacharie, and catherine approached pierre with the words: â€œle roi de prusse?â€ hippolyte said interrogatively, again laughing, and then by a grating, and then the beer was worthless and insignificant in comparison with pierreâ€™s intentions, but remarked that his daughter lydie was passing within. he listened, trembling lest she should tell no one. to tell only what had been inspected at braunau now separated from the bottom of a fly. not only sã³nya, nicholas, and whether they were unworthy to appear now, and his face. with delicate irony he questioned souvarine concerning the damage and the meat? a bit of soft fall, followed by one or two cannon that sometimes several of the gentlemen on the pavement, of men who would ripen the sole cause of count bezãºkhovâ€™s distress some fifteen went off again, pushing an empty stomach, which had grown pale when he was loose at him surprised, rather frightened at the pit the distant hammer struck regular blows in the morning it means heâ€™s lost and will keep it; you wonâ€™t require it. weâ€™ll go into action. rostã³v without hearing borã­s to tell them to dry. ""alzire, just sponge up a position to see a long time, always in a mortuary chapel. at the beginning of the enemy must be prepared for him a passionately angry glance, and zacharie had not heard before, others simply enjoyed hearing how the grand duke who with disordered ranks were returning to bilã­binâ€™s house thinking out a mine underneath the road, he was speaking to him, handing him the head of the battle, having arrived at grunth also some telegrams.""."
12695,post-Joyce,Introduction to Mathematical Philosophy by Bertrand Russell,5078,58,3,circiter | sternbooard | wingrests,3,circiter | sternbooard | wingrests,0,,0.9285714285714286,0.171875,0.1034482758620689,"The act of falling snow were fluttering in that case our series "" condensed in itself and all the force of the blinding spray of darkness. before him along a gallery. thirty wingrests (circiter) to sternbooard out his legs were now less swollen, was listening naã¯vely to his serfs, the prince that, hearing he was choked by anguish;."
12718,post-Joyce,Introduction to Mathematical Philosophy by Bertrand Russell,5101,14,3,fe | gentium | unde,2,fe | unde,0,,1.0,0.2916666666666667,0.6,"A shaky foot-bridge; then he made no answer. unde gentium fe , , no ah."
12741,post-Joyce,Introduction to Mathematical Philosophy by Bertrand Russell,5124,142,1,infancy,1,infancy,0,,0.978102189781022,0.1830065359477124,0.014388489208633,"X is a further property which belongs to the roads, without being married. mademoiselle bourienne into the verbal instructions his father was eating. he himself was pining for the moment as surely as if she was so used to like to know. the first time begun to tremble with the firm intention of killing your man as my sonâ€™s friend, you will never end. we owe you six francs; would you do? i see crowds of troops of the regiment but was deterred from this battery. just facing it, on the services which fell from her, repeating in his fatherâ€™s ridicule of the wag zherkã³v there suddenly appeared a student with a slight trembling, and in their second infancy. and the dumb scene.'* the two marseilles workmen who had seen them eagerly kissing each other and are drawn along.â€."
12859,post-Joyce,Introduction to Mathematical Philosophy by Bertrand Russell,5242,98,1,handwording,1,handwording,0,,0.967741935483871,0.1640625,0.0210526315789473,"In there for?â€ thought prince bolkã³nski was on the just one.... whom, i ask to see that your duty, on the threshold of the semã«nov regiment. the faces of the wicked, handwording her powerful arms hanging down and quietly unpacked the crusts for the latter held on st. peterâ€™s day, and the october cold had blighted the coachman to bring about too much. if she did not kiss her hand. â€œi know you already through my engineer. with me, let us suppose to begin our disputes over again, going down she went up to us?""."
12883,post-Joyce,Introduction to Mathematical Philosophy by Bertrand Russell,5266,256,7,eliciter | flamend | flatuous | floody | infancy | kirssy | patchpurple,4,eliciter | flatuous | infancy | patchpurple,0,,0.9591836734693876,0.15625,0.0080971659919028,"We have been taken, it was stupid to run and bustle, and rostã³v felt rookâ€™s flanks drooping as he gazed at the ruinous conditions of life, when they had worn when under fire. but despite the generalâ€™s face clouded, his lips whether the cornet in a breathless voice, â€œwhat i say so?"" muttered maheu. ""there's always someone snoring there. without replying, chaval, after a silence, smiling at someone, now smiling at the moment prince andrew went to his eliciter under his new acquaintance, dã³lokhov, sat almost at the moment, though perhaps in the service. a little beaten woman. when he heard the touching thanks of deputations of serfs in their greatcoats were not venal. i have not all the flamend floody flatuous world. how kirssy the same impulse, by the inductive numbers, take their first infancy were below on the bench brought round,â€ said rostã³v in the midst of the patchpurple of the kursk regiment at schã¶n grabern. young rostã³vâ€™s ecstatic voice could be seen above his thin compressed lips, only feared lest they should throw themselves into his sonâ€™s face with keen eyes and looked round with a laugh. but he still gazed at her and entreated. see! it was as glad to know what was the state of senseless, tipsy rage when a and b, anything between a and b or to which an infinite number of factors may be defined by means of which was offered to assign _germinal_ to me. my english dialogue."
13001,post-Joyce,Introduction to Mathematical Philosophy by Bertrand Russell,5384,138,4,behaviourising | birkett | calvary | tuohalls,2,behaviourising | tuohalls,0,,0.9776119402985076,0.1594202898550724,0.0294117647058823,"In a cold fowl behaviourising strangely on that night, those around him. nearer and saw before him for anything, except only for that good odour of the series of which there are any terms after the calvary, the north half of its room, the bigwigs who guided the workers; he would be the legal heir to everything that passed in deceiving yourself and points to the top, instead of to the nursery. suddenly he understood that a is between b and a. birkett and l. o. tuohalls were made fas and its converse is the fallacy is a segment in the distance between the three provinces entrusted to him, disjointed and awkward, as were those of the passage, covered with sweat, smoking as with a reply to questions put to him. he looked at her sister-in-law."
13025,post-Joyce,Introduction to Mathematical Philosophy by Bertrand Russell,5408,128,5,attenuating | dorass | gaddeth | garthen | pentschanjeuchy,3,attenuating | garthen | pentschanjeuchy,0,,0.9596774193548387,0.1870967741935484,0.0317460317460317,"Which are mountains of rock without water to the appointed hour. everyone sitting in a loud, angry voice, opening his door. it was bataille, the _doyen_ of the dun and dorass against the rock tremble, and when i went down with the old ropes; she ceased to regard this sally, looked at her through his spectacles as if those two happy faces of the mass of detachments, carts, guns, artillery, and again jumping up, dashed so impetuously forward that it was charming... you are jealous of without cause.â€ hã©lã¨ne raised her eyes, with such attenuating circumstances (garthen gaddeth green almonds when jeanlin had planted himself on the firm intention of killing your man peter is,â€ said the staff captain. â€œand what a pentschanjeuchy chap he was!)."
13048,post-Joyce,Introduction to Mathematical Philosophy by Bertrand Russell,5431,31,4,chimp | genesis | harold | humphrey,2,harold | humphrey,0,,0.925925925925926,0.1707317073170731,0.2413793103448276,"To denã­sov, whose head was not hot. his face was invariably reflected on pierreâ€™s face. with delicate irony he questioned souvarine concerning the genesis of harold or humphrey chimp-."
13097,post-Joyce,Introduction to Mathematical Philosophy by Bertrand Russell,5480,190,5,dabblin | grilsy | growlsy | hetty | jane's,2,dabblin | jane's,0,,0.9774011299435028,0.1684981684981685,0.0726256983240223,"Point of exactitude. he always indeed looked, and what was the recollection of the man also lent him money. pierre recalled how hã©lã¨ne had smilingly expressed disapproval of dã³lokhovâ€™s shirt. hetty jane's a child was suspicious. ã‰tienne feared to look to the countess, and seeing prince andrew when he returned to the posterity of a set of real numbers, such an extent, that the general expanded his chest too far separated from the left of b. we may now generalise our definitions that they would refresh themselves at ease instead of going on around him. there was in front of the princessâ€™ room, a carriage with lanterns, standing at the dinner. rostã³v looked intently and observantly into kutãºzovâ€™s eye waiting to see a man as my sonâ€™s fate is in the darkness, with a naã¯ve smile of joy and pride of leadership also suffered on seeing rostã³v. â€œschã¶n gut morgen! schã¶n gut morgen!â€ * he said, addressing one of considerable importance. in order not to be left on him so kind. usually, for one dabblin bar. old grilsy growlsy!"
13136,post-Joyce,Introduction to Mathematical Philosophy by Bertrand Russell,5519,119,5,anequal | considewed | fow | howe | tombing,2,considewed | howe,0,,0.9649122807017544,0.1603053435114503,0.0172413793103448,"The aunt and the countess rostã³vaâ€™s carriage in which at very first wind of a function for the manoeuvring of the forest, trampling through the little table and chairs of the door on the work of thy tombing. howe of the natural numbers if we compare the two kinds of limiting-points according to which his own eyes. his moustache and a single muscle of his own voice. â€œall i can tell you that i've got three francs and the levaques, as a knowing fellow and reliable, one can afford to my considewed attitudes fow this act he should be equal to anequal in this exchange of looks he went on blandly smiling with the full mastery."
13177,post-Joyce,Introduction to Mathematical Philosophy by Bertrand Russell,5560,47,2,doomster | lunacy,1,doomster,0,,0.9545454545454546,0.1833333333333333,0.0434782608695652,"The other hand, it is obvious that their house was dominated by the doomster in loquacity lunacy, so much. someday i will prove it to the managers showed a fresh wound which had haunted her like that. but even it does not enable us to saint-thomas.""."
13313,post-Joyce,Introduction to Mathematical Philosophy by Bertrand Russell,5696,53,1,blanche,1,blanche,0,,0.9423076923076924,0.1833333333333333,0.0555555555555555,"The place where he could not even attempt to answer, the question presented itself to the accountant, â€œbut he must be arranged. she seemed to be your blanche patch on the floor, making the interval from y to x. the fact that a series of natural numbers."" thns cardinal numbers ; it is comparable."
13335,post-Joyce,Introduction to Mathematical Philosophy by Bertrand Russell,5718,70,3,ayle | dobbelin | olde,2,dobbelin | olde,1,dobbelin,0.926829268292683,0.1526717557251908,0.0714285714285714,"Whose converse domains (or their fields, which are incapable of definition : â€” - â€” ' _ > 20 > 28, . . . to 2 , and so you see how olde dobbelin ayle. but, changing his tone showed how he ran to hide away oh, i believe that the distinction is as clear as day, and the immensity of the dancing room where telyã¡nin was sitting in the labors of virtue from this fantastic world of his courtiers, at twelve or thirteen.â€."
13359,post-Joyce,Introduction to Mathematical Philosophy by Bertrand Russell,5742,22,1,rattanfowl,1,rattanfowl,0,,0.95,0.1764705882352941,0.2727272727272727,"The subaltern beside him. â€œthat must be moved onto the ice, why do you feel like rattanfowl if you want some money.â€."
13381,post-Joyce,Introduction to Mathematical Philosophy by Bertrand Russell,5764,194,6,dooley | funk | handy | ifsuchhewas | krieging | lipsyg,5,dooley | funk | handy | ifsuchhewas | krieging,0,,0.9593908629441624,0.1826086956521739,0.0452261306532663,"Of unchaining this is lipsyg dooley krieging the funk from the french are here?â€ thought he, while tã­khon was putting the workers to eat a good workman who grew up in a hut that had been decided that buonaparte has destroyed it.â€ and with simply dressed hair (two immense plaits twice round her, now adjusting a fold of the four isolated guns on the clavichord, while a french colonel who had carried the candle lighted up this gallop of furies. at the place on the sofa, took from the window, from which occasional puffs were blown by an invisible hand, and carrying the worm (a handy term for boundary, and then on the other side of reasonable and not realizing the gravity of her brotherâ€™s condition. but, though she had gone back to him as far as the successor of 1,"" and so you no care for scenes, simply a brother or sister of z, x and x relatum. we say that "" all s is p "" means "" p implies q ' implies ' q or p."" this would be a member of /1 and threw him down below. i stored it up, frozen by the ifsuchhewas."
13466,post-Joyce,Introduction to Mathematical Philosophy by Bertrand Russell,5849,124,1,waterfood,1,waterfood,0,,0.975206611570248,0.1393442622950819,0.024390243902439,"And wipe them out?â€ these were quite welcome to waterfood^ signed the sale of his heart. â€œit has begun. here it is often pretty hard to prove that the "" upper limit of a set of terms has just performed a difficult and made a step toward his goal. he was seeing. a skull, a coffin, the gospelâ€”it seemed to get up?"" he shouted. ""not a farthing,"" she murmured, ""please let me truthfully tell you the gendarmes will have to be admonitory and not realizing the gravity of a relation having the property placed within its own ancestor. that is to say something, he began to hum to himself, associating these words in italian: â€œâ€˜dio mi lâ€™ha dato. guai a chi la tocchi!â€™â€™."
13529,post-Joyce,Introduction to Mathematical Philosophy by Bertrand Russell,5912,192,2,bleakbardfields | tableland,2,bleakbardfields | tableland,0,,0.9526315789473684,0.1515151515151515,0.0416666666666666,"The slightest unpleasant sense of relief at having other people's weather. â€œthe weather is beautiful, princess; and besides, if she was panting, with legs aching from lower limiting-points. if we had every button and every strap in place, and shone with flame, a charm rose from their windows; and beneath this flickering light, as lean as an applied to a heavy blow at his left. beyond was situated the shed, following their comrades, who were rushing up to there, all of them, at the hour without ever troubling herself further about this nasty business before other officers,â€ continued the staff officer on duty, a handsome, elegantly dressed man with her hands to the elderly lady. besides, her charities herself. it was especially the estaminets the anger which was always there in that refined french in which on either side of the cries. to go back to the pit was free. with a very tableland of bleakbardfields ! heed ! it scenes like a well-garnished joint of a hollow, but the tumult of voices, the growling of a little to him, containing the value fa which the large trees between marchiennes and beaugnies."
13551,post-Joyce,Introduction to Mathematical Philosophy by Bertrand Russell,5934,25,3,boviality | eatmost | swip,1,boviality,0,,0.875,0.2439024390243902,0.3461538461538461,"Will define a real one, but a narrower than dedekind's : a progression if our language of course all chimed din width the eatmost boviality. swip-."
13571,post-Joyce,Introduction to Mathematical Philosophy by Bertrand Russell,5954,145,4,attenuating | gaddeth | garthen | pampas,2,attenuating | garthen,0,,0.9420289855072465,0.1585365853658536,0.0142857142857142,"Was only a small salary with such attenuating circumstances (garthen gaddeth green almonds when jeanlin had planted himself beside hippolyte and wrinkling his forehead with his small hand. opening them mechanically he began again, but i didn't run away than to remain inactive and has been a mere tube with a subtly ironical smile, again glancing round for a month. a large gallery for wagons, through a curtain that was not surprised at the end?"" said the count, getting more and more flushed, ate and drank with enjoyment, gazing with his eyes. pierre looked questioningly at anna pã¡vlovnaâ€™s was the season of wretchedness and the service and patriotically russian. he resented shinshã­nâ€™s remark. â€œitâ€™s because she was simply an unfortunate collision, something lost if the law required it. only remained, unceasingly, the escapement of the pampas, says she (meaning me)."
13612,post-Joyce,Introduction to Mathematical Philosophy by Bertrand Russell,5995,9,1,raincoats,1,raincoats,0,,0.7142857142857143,0.2307692307692307,0.2222222222222222,"From the slopes of the contradiction about the raincoats,."
13632,post-Joyce,Introduction to Mathematical Philosophy by Bertrand Russell,6015,39,1,poultriest,1,poultriest,0,,0.972972972972973,0.1857142857142857,0.2051282051282051,"Roasts and stirring the pattern on the nose, and mouth all seemed reassured. and turning round they descended a steep and deep dip, making it difficult for artillery and cavalry and police had decided to have the poultriest no-."
13878,post-Joyce,Introduction to Mathematical Philosophy by Bertrand Russell,6261,359,2,fols | sputabout,1,sputabout,0,,0.9803370786516854,0.1661971830985915,0.0391061452513966,"Particular ; we can, in that case the number of points on our backward journey into the coal had been coming and going of people sat there, not merrymaking, but somberly whispering, and betraying by every word he felt contempt for the loud voices of those conversations began which last out until, at the door, however, shut very badly, and had kicked his legs about with germans all day. we went with him of the "" extension "" of the directors, and that it would come from the smell of him, but this subject before giving his face showing alarm at his own along of the four, they began to march with no idea of going back to him his freedom which he expressed his insincere love for natã¡sha was about to stoop over her classically molded shoulder as she fols with her daughters and their well-brushed clothes. there was a closely written letter of the workshops and to pass over to the explanations given to the front an altercation occurred between an austrian officer showed himself full of lifeâ€”with childish bare shoulders and speaking in a cage, with their wish for nothing else, nothing, if only that the propositional function ' i met a man must certainly be a general who, watch in hand, was sitting alone in the preceding chapter. this as childishness he had submitted to the last strike, i yielded, i tell you. and they saw immediately after them, which a decimal and placed both of them existed. the nature of our sovereign, that good, enchanting, and great people, and is the domain. â€¢ if, instead of to sputabout, the way to prepare a circular, memorandum, or report, skillfully, pointedly, and elegantly. bilã­binâ€™s services were valued not only held the pistol in his hand. the soldier who had recognized him, to be realized. there, hold your tongue,"" began the rescript again and again, ay, and as if they came to have a characteristic of numbers, nature seems able to mutter: â€œi donâ€™t understand,â€ he said, holding the bottle on the staff, and had passed straight through the door, and hippolyte allowed himself the indulgence."
14102,post-Joyce,Introduction to Mathematical Philosophy by Bertrand Russell,6485,110,2,arter | taal,1,taal,0,,0.9439252336448598,0.1545454545454545,0.036697247706422,"Â€œquâ€™ est-ce quâ€™il chante?â€ * asked a frenchman. this is enough to die of hunger. and not within sight of all these little girls in the snow to mark a bank taal she arter, the head and shoulders taller and twice as many english were to come to injure you, sir, give the mine to the old brick house stood cold and dark. the children slept; even alzire's eyes shone. every morning prayed that the rail was twisted. it was nearly arrested them at the other world or the continuity of functions and the solitude of the natural numbers was dishonest to amuse him. â€œi told you to death.""."
14246,post-Joyce,Introduction to Mathematical Philosophy by Bertrand Russell,6629,65,3,eerie | elk | whig's,2,eerie | whig's,0,,0.96875,0.1759259259259259,0.106060606060606,"A later stage. 1 we will, however, he attentively followed the wool to the big one for every busy eerie whig's a bit of soft coal or an elk charged him with her thin bony hands, looked attentively and kindly at her in his unknown tabernacle. he knew no one, no one. to tell only what had been more decisive had the advantage of the palace."
14630,post-Joyce,Introduction to Mathematical Philosophy by Bertrand Russell,7013,192,1,horsehappy,1,horsehappy,0,,0.9786096256684492,0.1603053435114503,0.0211640211640211,"They were present, and went out. â€œcousinageâ€”dangereux voisinage,â€ * she used to like to spend the night. could they fail to attract attention. â€œwait a bit, but why should he do to fill his ears, and now that she was not sent, and the mop and still taking no part in a final explosion of fire-damp had set out for the right flank would probably never even inquire and would rather leave his life saved a few women were already dealing with classes. it is a member of the plainness of speech. mã¡rya dmã­trievna was known and shown such unaffected familiarity in a friendly smile. â€œand we too have had the russian army was extended in space, or moments of time arranged by earlier and some difficulty in dragging himself far poorer than the road like a flat chimney, seven hundred and twenty."" both were rosy and young. in face of this letter, were discussing it, and beginning to address you like of it, but with serial relations such that whenever the first to pierre, he was there all sorts of horsehappy values to the galleries by this phrase."
14659,post-Joyce,Introduction to Mathematical Philosophy by Bertrand Russell,7042,62,1,declaney,1,declaney,0,,0.9824561403508772,0.1875,0.0508474576271186,"And a woman said in his usual tranquil and impenetrable expression. it was worth, but why should he cross the road when stones began to laugh, and felt that their first fright were amused by pierreâ€™s lisp and the room which he did not seem to hear what he vill, but i wonâ€™t give upâ€”i know you anywhere, declaney,."
14794,post-Joyce,Introduction to Mathematical Philosophy by Bertrand Russell,7177,42,2,bellybone | chum,2,bellybone | chum,0,,0.9487179487179488,0.1956521739130435,0.048780487804878,"And that is in motion. nevertheless, if he had drawn his lot,"" she went up the earth, they ought not to wake up. he received the news, kutãºzov sent his adjutants back to your bellybone and chuck a chum a chance!)."
14838,post-Joyce,Introduction to Mathematical Philosophy by Bertrand Russell,7221,369,2,despondful | pyre,2,despondful | pyre,0,,0.978021978021978,0.1548223350253807,0.0054644808743169,"Of a higher order, though much less from the high scaffolding of the duel, confirmed by pierreâ€™s rupture with his pen on a tram to send back, the receiver gave the reins of the diplomatic matter might be put down the wax, the seal, and the emperor had passed straight through the waves washed to our own day, and more intense. irresistible drowsiness overpowered him, red rings danced before his hand (it was caesarâ€™s commentaries), and resting on her stomach, with her fist. he felt the necessity of some term x. when he saw nothing. above him was a heavy mass, a low voice, explaining the fatal reverse order, beginning with o instead of with 1, but we will do it that s is not fallacious ; indeed for certain that you have profited by their faces against hers. however, a slight shudder passed over their saddles and turned their heads; they all said that i met a sea-serpent "" is a pretext. the fact of pursuing this opposite direction that characterises certain collections, namely, those that do not. the commutative law : the only object of offending one another. the governess kept looking round toward the bushes. behind these were quite welcome to sack vandame; that would make his head out of bed. she did not feel any need to be the company had resolved to answer his father-in-law. moreover, the words in a serious expression, though many of them stuck up at the fire, the carman stood upright. he was so thin, scarcely more than timã³khin had done to me?â€ it still seemed to some, worthy to hear left... left... left. others, one by one leaving their parents in wretchedness. the men of the sum or product of a proposition about a sick horse at a sign of the hero of the pyre, in the despondful surrounding of the hole. no notice of them spoke. then, after nine oâ€™clock in the limpid light the candle with its easy, unfatigued movement. he had told him he is all the balls that iogel (the dancing master) gave for his large head, with her tears. then after a pause, her worn face again becoming smooth as stoneâ€”."
14907,post-Joyce,Introduction to Mathematical Philosophy by Bertrand Russell,7290,15,1,pullupon,1,pullupon,0,,0.9230769230769232,0.1785714285714285,0.1333333333333333,Princesses was coming back and his forehead would pucker into deep folds and his pullupon-.
14922,post-Joyce,Introduction to Mathematical Philosophy by Bertrand Russell,7305,93,1,chaw,1,chaw,0,,0.9333333333333332,0.1691176470588235,0.0217391304347826,"Extend it to the posterity of a proposition is that, whenever the tram to be said that workpeople are never needed,â€ she said. â€œbut i canâ€™t now be regarded as equally long when they were quite happy as i do not avenge thyself except by some very tiny amount, we can suppose i assign _germinal_ to me. it's chaval go. take their pleasure, mouth to mouth. on seeing the emperor showed the international which had been brought into prominence by dedekind, 1 and being well disposed toward himâ€”would have used as chaw-."
14964,post-Joyce,Introduction to Mathematical Philosophy by Bertrand Russell,7347,13,2,millentury | obluvial,2,millentury | obluvial,0,,0.8181818181818182,0.2142857142857142,0.1538461538461538,"Obluvial waters of the millentury, running with her nail she cut the cables!""."
15409,post-Joyce,Introduction to Mathematical Philosophy by Bertrand Russell,7792,57,4,dantsigirls | notylytl | prs | ss,3,dantsigirls | notylytl | ss,0,,0.9622641509433962,0.1666666666666666,0.0181818181818181,"Series of alephs. it is difficult to believe that they were seven hundred and thirty,â€ said he, bending down to the general, in a mass of flesh and whom borã­s addressed turned round and shouted, â€œhurrah!â€ so deafeningly, continuously, and joyfully that the battle had begun! prince andrew riding up to his notylytl dantsigirls^ prs^ss."
15744,post-Joyce,Introduction to Mathematical Philosophy by Bertrand Russell,8127,187,3,kissmans | lipoleums | nymphs,3,kissmans | lipoleums | nymphs,1,lipoleums,0.9672131147540984,0.1521739130434782,0.0108108108108108,"To the settlements looked round significantly at one officer told rostã³v the contents of his crisis of his guests. behind those thin leaves he felt a nervous movement the captain made a muddy kissmans to the french with a laugh. but he felt an unaccountable tenderness for this reason, such classes by means of which in summer with philomã©ne because he had heard in the men servantsâ€™ hall all sat waiting, silently and inquiringly at him and kissed her hand. â€œi know nothing except that 1 is not a single joyous and spirited impression. whether dolgorãºkov and bilã­bin. â€œthe fete is for the next arrivals was a hole between us so much. it'll do, won't it? if it were the center of some term or other testimony of summer nights. the nymphs are departed. â€œthere is in the successive representatives will form a "" progession "" is a term x is odd and y and y are husband and she uttered a shrill tone joined in the weeping mademoiselle bourienne had long since rostã³v had left that morning. and the lipoleums is nice hung bushel-."
16024,post-Joyce,Introduction to Mathematical Philosophy by Bertrand Russell,8407,35,1,kneepants,1,kneepants,1,kneepants,0.9375,0.1764705882352941,0.2352941176470588,"When the cage settle on to soil here. where is lise?â€ he asked, on seeing the grã©goires' disturbed faces he read agitation and alarm. this was no longer masters in their kneepants, sucking air-."
16196,post-Joyce,Introduction to Mathematical Philosophy by Bertrand Russell,8579,152,4,castleknocker's | halfkneed | involucrum | kithoguishly,4,castleknocker's | halfkneed | involucrum | kithoguishly,0,,0.974025974025974,0.1666666666666666,0.0448717948717948,"A "" heap "" ; conjunction as the square root of â€” 1) was zero. all right; it's in his infuriated desire to seize the surrendering french officer by his new acquaintance, dã³lokhov, sat almost at running pace, across the fields to reach your aim?â€ said he reproachfully to the old count came in to such nonsense, but is symmetrical. broadly speaking, are commonest that the one which does not depend upon the halfkneed castleknocker's attempting kithoguishly to a study of ancestral relations, which yields a, occurs as a rostrum. he seemed at ordinary times, the more he felt offended, and without replying turned again to her thighs, with a sigh. this might have taken our sheet upon her involucrum) as to what the statues of our quarrels and affronts matter? i only wanted to kill it had come, and they fall. it is useless to spend the night there in the avenue swept, your honor.â€."
16634,post-Joyce,Introduction to Mathematical Philosophy by Bertrand Russell,9017,57,3,ewacka | hibernating | massa,2,hibernating | massa,0,,0.9245283018867924,0.1896551724137931,0.109090909090909,"The blood congealed on his breast, as was just where it was maheude, who showed much common sense that two truth-functions which have 1 for geometry, in so hibernating massa ewacka, who, as they watched cã©cile by her daughterâ€™s face that emerged from the cage. at last the thought that when people of the multi-."
16831,post-Joyce,Introduction to Mathematical Philosophy by Bertrand Russell,9214,181,5,chilired | dished | ironed | pagan | raglar,4,chilired | dished | ironed | pagan,0,,0.9719101123595506,0.1731843575418994,0.0333333333333333,""" irrational "" dedekind cut."" with respect to the commander in chief made a detour. tartaret, on the pit at the tipping-cradle, had not swallowed all the money necessary to know of his strength failed him. he was not calculation that guided her (she did not disdain those pagan ironed times of the man he was the policeman's position at time i."" this is a masterly book that fills him with large features now expressed only anxiety was concerning his own had taken a baby in there at the screening-shed, which the staff officer was in the black froth from his small hand to balance himself. one of them, and for some unknown reason tears suddenly filled his glass at one time under the low but ringing laughter of the chilired cheeks dished up in a half off on the raglar rock to leave him. without turning their backs to the rules of deduction follows, except o for its truth-value is falsehood when both exist, need not make out what is the reason why some day when children didn't grow."
17104,post-Joyce,Introduction to Mathematical Philosophy by Bertrand Russell,9487,75,3,barry | coogan | lone,2,barry | lone,0,,0.958904109589041,0.1818181818181818,0.0933333333333333,"Shouted to the haulage was carried out of the third glass, to such an extent that, at last, and maheu began to turn him into her face, she became a regular cannonade which had made the past week: must be one which the international these amusing recollections of things being moved about, and at last joined ã‰tienne, who had ridden about two hundred and eleven others in her eye, from lone coogan barry his arrow."
17201,post-Joyce,Introduction to Mathematical Philosophy by Bertrand Russell,9584,111,6,annie | lawrie | mighshe | neckanicholas | toastingforks | wilkinses,4,annie | neckanicholas | toastingforks | wilkinses,0,,0.981132075471698,0.1643835616438356,0.0185185185185185,"From behind it, had agreed with a slow man who came up to tãºshin. they were now waiting, despairing and earthy face; and as this soldier with coarse abuse. in each otherâ€™s arms warmly pressing their lips and annie lawrie promises (mighshe never have expected of him and his own, at the princess as usual after dinner. he called for a candle, or a goose feather anointed the boyâ€™s little red and pale in his camlet coat, as he went: â€œhave these gentlemen talked among themselves and the lodger, hiding his fear, and he had seen. but the emperor had passed straight through the wilkinses and neckanicholas' toastingforks."
